gap_step,gap_mgNm3,outlet_mgNm3,count,empirical_probability,posterior_mean_probability
1,0.01,49.99,122,0.02687816699713593,0.026618861364624078
2,0.02,49.98,134,0.02952192112800176,0.029226423294219903
3,0.03,49.97,131,0.028860982595285304,0.028574532811820947
4,0.04,49.96,132,0.029081295439524125,0.028791829639287267
5,0.05,49.95,130,0.028640669751046486,0.028357235984354627
6,0.06,49.94,109,0.024014100022031283,0.02379400260756193
7,0.07,49.93,121,0.026657854152897113,0.026401564537157758
8,0.08,49.92,115,0.025335977087464198,0.025097783572359842
9,0.09,49.91,124,0.02731879268561357,0.027053455019556714
10,0.1,49.9,108,0.023793787177792465,0.02357670578009561
11,0.11,49.89,118,0.025996915620180656,0.025749674054758802
12,0.12,49.88,116,0.02555628993170302,0.025315080399826162
13,0.13,49.87,133,0.029301608283762944,0.029009126466753587
14,0.14,49.86,103,0.022692222956598368,0.022490221642764017
15,0.15,49.85,116,0.02555628993170302,0.025315080399826162
16,0.16,49.84,86,0.018946904604538444,0.018796175575836592
17,0.17,49.83,96,0.021150033046926635,0.020969143850499784
18,0.18,49.82,109,0.024014100022031283,0.02379400260756193
19,0.19,49.81,107,0.023573474333553647,0.023359408952629293
20,0.2,49.8,95,0.020929720202687817,0.020751847023033464
21,0.21,49.79,73,0.016082837629433796,0.015971316818774447
22,0.22,49.78,93,0.020489094514210177,0.020317253368100825
23,0.23,49.77,105,0.023132848645076007,0.022924815297696653
24,0.24,49.76,85,0.018726591760299626,0.018578878748370272
25,0.25,49.75,102,0.02247191011235955,0.022272924815297697
26,0.26,49.74,85,0.018726591760299626,0.018578878748370272
27,0.27,49.73,91,0.02004846882573254,0.019882659713168188
28,0.28,49.72,74,0.016303150473672614,0.016188613646240763
29,0.29,49.71,83,0.018285966071821987,0.018144285093437636
30,0.3,49.7,89,0.0196078431372549,0.01944806605823555
31,0.31,49.69,87,0.019167217448777262,0.019013472403302912
32,0.32,49.68,70,0.015421899096717338,0.015319426336375489
33,0.33,49.67,59,0.012998457810090328,0.01292916123424598
34,0.34,49.66,51,0.011235955056179775,0.011190786614515428
35,0.35000000000000003,49.65,63,0.013879709187045605,0.013798348544111256
36,0.36,49.64,54,0.011896893588896233,0.011842677096914386
37,0.37,49.63,35,0.007710949548358669,0.007714037375054324
38,0.38,49.62,49,0.010795329367702137,0.01075619295958279
39,0.39,49.61,54,0.011896893588896233,0.011842677096914386
40,0.4,49.6,52,0.011456267900418595,0.011408083441981747
41,0.41000000000000003,49.59,47,0.0103547036792245,0.010321599304650151
42,0.42,49.58,42,0.009253139458030404,0.009235115167318557
43,0.43,49.57,47,0.0103547036792245,0.010321599304650151
44,0.44,49.56,31,0.006829698171403393,0.006844850065189048
45,0.45,49.55,43,0.009473452302269222,0.009452411994784877
46,0.46,49.54,35,0.007710949548358669,0.007714037375054324
47,0.47000000000000003,49.53,29,0.006389072482925755,0.00641025641025641
48,0.48,49.52,28,0.006168759638686935,0.006192959582790091
49,0.49,49.51,31,0.006829698171403393,0.006844850065189048
50,0.5,49.5,22,0.004846882573254021,0.0048891786179921775
51,0.51,49.49,32,0.007050011015642212,0.007062146892655367
52,0.52,49.48,35,0.007710949548358669,0.007714037375054324
53,0.53,49.47,19,0.004185944040537563,0.00423728813559322
54,0.54,49.46,21,0.004626569729015202,0.0046718817905258584
55,0.55,49.45,18,0.0039656311962987445,0.004019991308126901
56,0.56,49.44,24,0.005287508261731659,0.005323772272924816
57,0.5700000000000001,49.43,22,0.004846882573254021,0.0048891786179921775
58,0.58,49.42,17,0.003745318352059925,0.003802694480660582
59,0.59,49.41,16,0.003525005507821106,0.003585397653194263
60,0.6,49.4,18,0.0039656311962987445,0.004019991308126901
61,0.61,49.39,17,0.003745318352059925,0.003802694480660582
62,0.62,49.38,17,0.003745318352059925,0.003802694480660582
63,0.63,49.37,15,0.003304692663582287,0.0033681008257279445
64,0.64,49.36,15,0.003304692663582287,0.0033681008257279445
65,0.65,49.35,11,0.0024234412866270105,0.0024989135158626683
66,0.66,49.34,13,0.0028640669751046487,0.0029335071707953064
67,0.67,49.33,7,0.0015421899096717338,0.0016297262059973925
68,0.68,49.32,7,0.0015421899096717338,0.0016297262059973925
69,0.6900000000000001,49.31,12,0.0026437541308658294,0.0027162103433289874
70,0.7000000000000001,49.3,8,0.001762502753910553,0.0018470230334637113
71,0.71,49.29,6,0.0013218770654329147,0.0014124293785310734
72,0.72,49.28,6,0.0013218770654329147,0.0014124293785310734
73,0.73,49.27,2,0.0004406256884776382,0.0005432420686657974
74,0.74,49.26,4,0.0008812513769552765,0.0009778357235984355
75,0.75,49.25,4,0.0008812513769552765,0.0009778357235984355
76,0.76,49.24,6,0.0013218770654329147,0.0014124293785310734
77,0.77,49.23,4,0.0008812513769552765,0.0009778357235984355
78,0.78,49.22,3,0.0006609385327164573,0.0007605388961321165
79,0.79,49.21,7,0.0015421899096717338,0.0016297262059973925
80,0.8,49.2,3,0.0006609385327164573,0.0007605388961321165
81,0.81,49.19,1,0.0002203128442388191,0.0003259452411994785
82,0.8200000000000001,49.18,3,0.0006609385327164573,0.0007605388961321165
83,0.8300000000000001,49.17,5,0.0011015642211940956,0.0011951325510647544
84,0.84,49.16,3,0.0006609385327164573,0.0007605388961321165
85,0.85,49.15,1,0.0002203128442388191,0.0003259452411994785
86,0.86,49.14,2,0.0004406256884776382,0.0005432420686657974
87,0.87,49.13,3,0.0006609385327164573,0.0007605388961321165
88,0.88,49.12,1,0.0002203128442388191,0.0003259452411994785
89,0.89,49.11,0,0.0,0.0001086484137331595
90,0.9,49.1,1,0.0002203128442388191,0.0003259452411994785
91,0.91,49.09,1,0.0002203128442388191,0.0003259452411994785
92,0.92,49.08,2,0.0004406256884776382,0.0005432420686657974
93,0.93,49.07,2,0.0004406256884776382,0.0005432420686657974
94,0.9400000000000001,49.06,1,0.0002203128442388191,0.0003259452411994785
95,0.9500000000000001,49.05,2,0.0004406256884776382,0.0005432420686657974
96,0.96,49.04,0,0.0,0.0001086484137331595
97,0.97,49.03,2,0.0004406256884776382,0.0005432420686657974
98,0.98,49.02,1,0.0002203128442388191,0.0003259452411994785
99,0.99,49.01,0,0.0,0.0001086484137331595
100,1.0,49.0,1,0.0002203128442388191,0.0003259452411994785
101,1.01,48.99,0,0.0,0.0001086484137331595
102,1.02,48.98,0,0.0,0.0001086484137331595
103,1.03,48.97,0,0.0,0.0001086484137331595
104,1.04,48.96,0,0.0,0.0001086484137331595
105,1.05,48.95,0,0.0,0.0001086484137331595
106,1.06,48.94,0,0.0,0.0001086484137331595
107,1.07,48.93,1,0.0002203128442388191,0.0003259452411994785
108,1.08,48.92,1,0.0002203128442388191,0.0003259452411994785
109,1.09,48.91,0,0.0,0.0001086484137331595
110,1.1,48.9,0,0.0,0.0001086484137331595
111,1.11,48.89,0,0.0,0.0001086484137331595
112,1.12,48.88,0,0.0,0.0001086484137331595
113,1.1300000000000001,48.87,0,0.0,0.0001086484137331595
114,1.1400000000000001,48.86,0,0.0,0.0001086484137331595
115,1.1500000000000001,48.85,0,0.0,0.0001086484137331595
116,1.16,48.84,1,0.0002203128442388191,0.0003259452411994785
117,1.17,48.83,0,0.0,0.0001086484137331595
118,1.18,48.82,0,0.0,0.0001086484137331595
119,1.19,48.81,0,0.0,0.0001086484137331595
120,1.2,48.8,0,0.0,0.0001086484137331595
121,1.21,48.79,0,0.0,0.0001086484137331595
122,1.22,48.78,0,0.0,0.0001086484137331595
123,1.23,48.77,0,0.0,0.0001086484137331595
124,1.24,48.76,0,0.0,0.0001086484137331595
125,1.25,48.75,0,0.0,0.0001086484137331595
126,1.26,48.74,1,0.0002203128442388191,0.0003259452411994785
