regime,label,parameter,parameter_type,direction,direct_delta_power_kW,direct_p95_reduction_mgNm3,direct_benefit_mgNm3_per_kW,constraint_direction,constraint_delta_power_kW,dust_load_relief,dust_relief_per_added_kW,dust_load_index,relative_dust_slack,dust_constraint_active,primary_action_class,primary_parameter,secondary_parameter,operational_role,operational_rank,is_primary_action,is_tied_primary,is_secondary_action
0,R1,U1_kV,电压,提高1%,8.336206254022727,0.4426573243934513,0.05310057247921885,,0.0,0.0,0.0,0.90289783382491,0.37731183874144136,False,电压优先,U1_kV,U4_kV,直接减排效率排序,1,True,True,False
0,R1,U4_kV,电压,提高1%,5.49037093375955,0.28879184404749303,0.05259969636509456,,0.0,0.0,0.0,0.90289783382491,0.37731183874144136,False,电压优先,U1_kV,U4_kV,直接减排效率排序,2,False,False,True
0,R1,U2_kV,电压,提高1%,8.044658829801847,0.42179281536382085,0.05243141123664163,,0.0,0.0,0.0,0.90289783382491,0.37731183874144136,False,电压优先,U1_kV,U4_kV,直接减排效率排序,3,False,False,False
0,R1,U3_kV,电压,提高1%,5.823553910641294,0.29357982493294443,0.050412485131543186,,0.0,0.0,0.0,0.90289783382491,0.37731183874144136,False,电压优先,U1_kV,U4_kV,直接减排效率排序,4,False,False,False
0,R1,T2_s,振打周期,缩短1%,1.8822216636663143,0.020569997352239966,0.010928573264942867,缩短1%,1.8822216636663143,0.002784143148343521,0.0014791792072568037,0.90289783382491,0.37731183874144136,False,电压优先,U1_kV,U4_kV,直接减排效率排序,5,False,False,False
0,R1,T1_s,振打周期,缩短1%,1.8716893507446457,0.016035549930828452,0.008567420616273079,缩短1%,1.8716893507446457,0.0027842984058595865,0.00148758574960736,0.90289783382491,0.37731183874144136,False,电压优先,U1_kV,U4_kV,直接减排效率排序,6,False,False,False
0,R1,T4_s,振打周期,缩短1%,1.0567070258191507,0.006669430672872068,0.006311522976486296,缩短1%,1.0567070258191507,0.0017370804723064737,0.0016438619502504993,0.90289783382491,0.37731183874144136,False,电压优先,U1_kV,U4_kV,直接减排效率排序,7,False,False,False
0,R1,T3_s,振打周期,缩短1%,1.0921944142257871,0.006519970260020713,0.0059696059374579925,缩短1%,1.0921944142257871,0.0017234563117393131,0.0015779757608090335,0.90289783382491,0.37731183874144136,False,电压优先,U1_kV,U4_kV,直接减排效率排序,8,False,False,False
1,R2,U3_kV,电压,提高1%,5.079011613026523,0.3078257813314238,0.06060741829018856,,0.0,0.0,0.0,1.0982096871786087,0.24261400884233883,False,电压优先,U3_kV,U1_kV,直接减排效率排序,1,True,True,False
1,R2,U1_kV,电压,提高1%,7.346859941070306,0.43208473211387144,0.058812164050989706,,0.0,0.0,0.0,1.0982096871786087,0.24261400884233883,False,电压优先,U3_kV,U1_kV,直接减排效率排序,2,False,False,True
1,R2,U4_kV,电压,上限处反向差分,5.744808217992613,0.3291722500252874,0.05729908423997987,,0.0,0.0,0.0,1.0982096871786087,0.24261400884233883,False,电压优先,U3_kV,U1_kV,直接减排效率排序,3,False,False,False
1,R2,U2_kV,电压,提高1%,7.966826082708849,0.45253303921104227,0.0568021737280317,,0.0,0.0,0.0,1.0982096871786087,0.24261400884233883,False,电压优先,U3_kV,U1_kV,直接减排效率排序,4,False,False,False
1,R2,T2_s,振打周期,缩短1%,1.882221663663131,0.02667033073389824,0.014169601407090986,缩短1%,1.882221663663131,0.003386399724821354,0.0017991503286763954,1.0982096871786087,0.24261400884233883,False,电压优先,U3_kV,U1_kV,直接减排效率排序,5,False,False,False
1,R2,T1_s,振打周期,缩短1%,1.8716893507446457,0.02573710798539608,0.013750736988035249,缩短1%,1.8716893507446457,0.0033865885671207074,0.0018093753462738696,1.0982096871786087,0.24261400884233883,False,电压优先,U3_kV,U1_kV,直接减排效率排序,6,False,False,False
1,R2,T3_s,振打周期,缩短1%,1.0921944142255597,0.011106934493760434,0.010169374929129268,缩短1%,1.0921944142255597,0.0020962686431114097,0.001919318223759464,1.0982096871786087,0.24261400884233883,False,电压优先,U3_kV,U1_kV,直接减排效率排序,7,False,False,False
1,R2,T4_s,振打周期,缩短1%,1.0567070258191507,0.008729802436631573,0.008261327144923922,缩短1%,1.0567070258191507,0.0021128399367327244,0.0019994566943423776,1.0982096871786087,0.24261400884233883,False,电压优先,U3_kV,U1_kV,直接减排效率排序,8,False,False,False
2,R3,U3_kV,电压,提高1%,4.971239490721928,0.29173751737368114,0.058685065951492664,,0.0,0.0,0.0,1.2570716398653299,0.13305404147218627,False,电压优先,U3_kV,U1_kV,直接减排效率排序,1,True,True,False
2,R3,U1_kV,电压,提高1%,8.074148570216948,0.4604364394829368,0.057026005340221904,,0.0,0.0,0.0,1.2570716398653299,0.13305404147218627,False,电压优先,U3_kV,U1_kV,直接减排效率排序,2,False,False,True
2,R3,U2_kV,电压,提高1%,8.536716460006119,0.4680643403893061,0.05482955215651741,,0.0,0.0,0.0,1.2570716398653299,0.13305404147218627,False,电压优先,U3_kV,U1_kV,直接减排效率排序,3,False,False,False
2,R3,U4_kV,电压,提高1%,5.389329511499909,0.2925587965633252,0.05428482261829689,,0.0,0.0,0.0,1.2570716398653299,0.13305404147218627,False,电压优先,U3_kV,U1_kV,直接减排效率排序,4,False,False,False
2,R3,T1_s,振打周期,缩短1%,1.8716893508089925,0.030409564809527723,0.01624712177604896,缩短1%,1.8716893508089925,0.003876476863407863,0.0020711112459620234,1.2570716398653299,0.13305404147218627,False,电压优先,U3_kV,U1_kV,直接减排效率排序,5,False,False,False
2,R3,T2_s,振打周期,缩短1%,1.8822216636629037,0.028162531786442457,0.014962388506163864,缩短1%,1.8822216636629037,0.0038762607041848973,0.0020594071245793057,1.2570716398653299,0.13305404147218627,False,电压优先,U3_kV,U1_kV,直接减排效率排序,6,False,False,False
2,R3,T4_s,振打周期,缩短1%,1.0567070258191507,0.014405703197137854,0.013632636904226761,缩短1%,1.0567070258191507,0.0024184736258276995,0.0022886888860731464,1.2570716398653299,0.13305404147218627,False,电压优先,U3_kV,U1_kV,直接减排效率排序,7,False,False,False
2,R3,T3_s,振打周期,缩短1%,1.0921944142257871,0.007699958871112855,0.007049989242593818,缩短1%,1.0921944142257871,0.002399505205232799,0.0021969579536201093,1.2570716398653299,0.13305404147218627,False,电压优先,U3_kV,U1_kV,直接减排效率排序,8,False,False,False
3,R4,T4_s,振打周期,缩短1%,1.0730825047128292,0.011995882548280434,0.01117890049981822,缩短1%,1.0730825047128292,0.0027786946499008813,0.0025894510792014973,1.449999999986336,9.423419898808036e-12,True,周期优先,T4_s、T3_s,U3_kV,一级：恢复尘负荷安全裕量,1,True,True,False
3,R4,T3_s,振打周期,缩短1%,1.0921944142255597,0.012204268505911386,0.011174080682847152,缩短1%,1.0921944142255597,0.0027996238521710293,0.0025633017489438024,1.449999999986336,9.423419898808036e-12,True,周期优先,T4_s、T3_s,U3_kV,一级：恢复尘负荷安全裕量,2,False,True,False
3,R4,T2_s,振打周期,缩短1%,1.9046208422257678,0.027860656821765417,0.01462792814406412,缩短1%,1.9046208422257678,0.004469440934661506,0.002346630277046875,1.449999999986336,9.423419898808036e-12,True,周期优先,T4_s、T3_s,U3_kV,一级：恢复尘负荷安全裕量,3,False,False,False
3,R4,T1_s,振打周期,缩短1%,1.9013861763646673,0.021341562750867737,0.011224212638208764,缩短1%,1.9013861763646673,0.004452240563129539,0.002341576171360385,1.449999999986336,9.423419898808036e-12,True,周期优先,T4_s、T3_s,U3_kV,一级：恢复尘负荷安全裕量,4,False,False,False
3,R4,U3_kV,电压,提高1%,4.413095844461623,0.25990458200445055,0.05889393549669387,,0.0,0.0,0.0,1.449999999986336,9.423419898808036e-12,True,周期优先,T4_s、T3_s,U3_kV,二级：约束恢复后的直接减排,5,False,False,True
3,R4,U2_kV,电压,上限处反向差分,8.504933477813665,0.49643245153573723,0.05836993938056685,,0.0,0.0,0.0,1.449999999986336,9.423419898808036e-12,True,周期优先,T4_s、T3_s,U3_kV,二级：约束恢复后的直接减排,6,False,False,False
3,R4,U4_kV,电压,上限处反向差分,5.744808217992613,0.32604866887295536,0.05675536179811505,,0.0,0.0,0.0,1.449999999986336,9.423419898808036e-12,True,周期优先,T4_s、T3_s,U3_kV,二级：约束恢复后的直接减排,7,False,False,False
3,R4,U1_kV,电压,上限处反向差分,8.385055316666694,0.45119367704430324,0.05380926660644452,,0.0,0.0,0.0,1.449999999986336,9.423419898808036e-12,True,周期优先,T4_s、T3_s,U3_kV,二级：约束恢复后的直接减排,8,False,False,False
4,R5,T4_s,振打周期,缩短1%,1.186141036508161,0.0026580859570994875,0.002240952698950989,缩短1%,1.186141036508161,0.002781075278611489,0.0023446413141548486,1.4499999999871944,8.831403041814814e-12,True,周期优先,T4_s、T3_s,U1_kV,一级：恢复尘负荷安全裕量,1,True,True,False
4,R5,T3_s,振打周期,缩短1%,1.2051071167643386,0.003497485161330971,0.00290221932364118,缩短1%,1.2051071167643386,0.002807043362629935,0.0023292895076138355,1.4499999999871944,8.831403041814814e-12,True,周期优先,T4_s、T3_s,U1_kV,一级：恢复尘负荷安全裕量,2,False,True,False
4,R5,T1_s,振打周期,缩短1%,2.1037728157853053,0.013506920195329286,0.006420332126160383,缩短1%,2.1037728157853053,0.004451693463827899,0.0021160523752495356,1.4499999999871944,8.831403041814814e-12,True,周期优先,T4_s、T3_s,U1_kV,一级：恢复尘负荷安全裕量,3,False,False,False
4,R5,T2_s,振打周期,缩短1%,2.1114641732092423,0.012782802931967652,0.006053999444631306,缩短1%,2.1114641732092423,0.004460187894802958,0.002112367309564083,1.4499999999871944,8.831403041814814e-12,True,周期优先,T4_s、T3_s,U1_kV,一级：恢复尘负荷安全裕量,4,False,False,False
4,R5,U1_kV,电压,上限处反向差分,8.497124287244333,0.5052728436460256,0.05946398176198604,,0.0,0.0,0.0,1.4499999999871944,8.831403041814814e-12,True,周期优先,T4_s、T3_s,U1_kV,二级：约束恢复后的直接减排,5,False,False,True
4,R5,U2_kV,电压,上限处反向差分,8.649572810458267,0.510071550139612,0.058970721597126796,,0.0,0.0,0.0,1.4499999999871944,8.831403041814814e-12,True,周期优先,T4_s、T3_s,U1_kV,二级：约束恢复后的直接减排,6,False,False,False
4,R5,U3_kV,电压,提高1%,4.785046845860961,0.2725385791759223,0.056956303241141024,,0.0,0.0,0.0,1.4499999999871944,8.831403041814814e-12,True,周期优先,T4_s、T3_s,U1_kV,二级：约束恢复后的直接减排,7,False,False,False
4,R5,U4_kV,电压,提高1%,5.163064051585934,0.29320295116169426,0.056788555832777504,,0.0,0.0,0.0,1.4499999999871944,8.831403041814814e-12,True,周期优先,T4_s、T3_s,U1_kV,二级：约束恢复后的直接减排,8,False,False,False
5,R6,T4_s,振打周期,缩短1%,1.2080845364969264,0.0017513986532424752,0.0014497318691960024,缩短1%,1.2080845364969264,0.0027673242765089423,0.002290671052320007,1.4500000000029545,-2.037603802160322e-12,True,周期优先,T4_s、T3_s,U1_kV,一级：恢复尘负荷安全裕量,1,True,True,False
5,R6,T3_s,振打周期,缩短1%,1.229052182864507,0.001693071916525568,0.0013775427440188808,缩短1%,1.229052182864507,0.002789412564440763,0.0022695639805460346,1.4500000000029545,-2.037603802160322e-12,True,周期优先,T4_s、T3_s,U1_kV,一级：恢复尘负荷安全裕量,2,False,True,False
5,R6,T1_s,振打周期,缩短1%,2.1217761182329014,0.012892564382005034,0.006076307613803509,缩短1%,2.1217761182329014,0.004473349560376372,0.002108304227734429,1.4500000000029545,-2.037603802160322e-12,True,周期优先,T4_s、T3_s,U1_kV,一级：恢复尘负荷安全裕量,3,False,False,False
5,R6,T2_s,振打周期,缩短1%,2.135236798629421,0.011654432087116362,0.0054581450144532825,缩短1%,2.135236798629421,0.00446991359870319,0.002093404160874506,1.4500000000029545,-2.037603802160322e-12,True,周期优先,T4_s、T3_s,U1_kV,一级：恢复尘负荷安全裕量,4,False,False,False
5,R6,U1_kV,电压,提高1%,7.823548072248741,0.44322278120945136,0.05665240081819486,,0.0,0.0,0.0,1.4500000000029545,-2.037603802160322e-12,True,周期优先,T4_s、T3_s,U1_kV,二级：约束恢复后的直接减排,5,False,False,True
5,R6,U3_kV,电压,提高1%,4.6285845405000146,0.25942483122612003,0.05604841587231655,,0.0,0.0,0.0,1.4500000000029545,-2.037603802160322e-12,True,周期优先,T4_s、T3_s,U1_kV,二级：约束恢复后的直接减排,6,False,False,False
5,R6,U2_kV,电压,提高1%,7.844540136587966,0.438144798373294,0.05585347142654406,,0.0,0.0,0.0,1.4500000000029545,-2.037603802160322e-12,True,周期优先,T4_s、T3_s,U1_kV,二级：约束恢复后的直接减排,7,False,False,False
5,R6,U4_kV,电压,提高1%,5.6374666969393274,0.3027763415025575,0.0537078723084856,,0.0,0.0,0.0,1.4500000000029545,-2.037603802160322e-12,True,周期优先,T4_s、T3_s,U1_kV,二级：约束恢复后的直接减排,8,False,False,False
6,R7,T4_s,振打周期,缩短1%,1.2062965376326247,0.0014539093983803042,0.0012052669911774957,缩短1%,1.2062965376326247,0.002777220578980444,0.0023022702066531515,1.4499999999991493,5.86657159632962e-13,True,周期优先,T4_s、T3_s,U4_kV,一级：恢复尘负荷安全裕量,1,True,True,False
6,R7,T3_s,振打周期,缩短1%,1.2269305241620714,0.0023084076710944146,0.0018814493776417656,缩短1%,1.2269305241620714,0.0028000783372192917,0.0022821816574590454,1.4499999999991493,5.86657159632962e-13,True,周期优先,T4_s、T3_s,U4_kV,一级：恢复尘负荷安全裕量,2,False,True,False
6,R7,T2_s,振打周期,缩短1%,2.1342450193537843,0.014014274100022206,0.006566384821301121,缩短1%,2.1342450193537843,0.004481340823843549,0.002099731185129076,1.4499999999991493,5.86657159632962e-13,True,周期优先,T4_s、T3_s,U4_kV,一级：恢复尘负荷安全裕量,3,False,False,False
6,R7,T1_s,振打周期,缩短1%,2.141526578031062,0.015739395938707545,0.007349615036381422,缩短1%,2.141526578031062,0.004441360259948235,0.002073922549227318,1.4499999999991493,5.86657159632962e-13,True,周期优先,T4_s、T3_s,U4_kV,一级：恢复尘负荷安全裕量,4,False,False,False
6,R7,U4_kV,电压,提高1%,5.672146333251931,0.339083604448879,0.05978047541916589,,0.0,0.0,0.0,1.4499999999991493,5.86657159632962e-13,True,周期优先,T4_s、T3_s,U4_kV,二级：约束恢复后的直接减排,5,False,False,True
6,R7,U3_kV,电压,提高1%,5.782502393138202,0.3390032375715233,0.058625697755663876,,0.0,0.0,0.0,1.4499999999991493,5.86657159632962e-13,True,周期优先,T4_s、T3_s,U4_kV,二级：约束恢复后的直接减排,6,False,False,False
6,R7,U1_kV,电压,上限处反向差分,8.497124287234328,0.49535608218401883,0.05829690909996668,,0.0,0.0,0.0,1.4499999999991493,5.86657159632962e-13,True,周期优先,T4_s、T3_s,U4_kV,二级：约束恢复后的直接减排,7,False,False,False
6,R7,U2_kV,电压,提高1%,7.701361339657069,0.4444267810391356,0.05770756122695125,,0.0,0.0,0.0,1.4499999999991493,5.86657159632962e-13,True,周期优先,T4_s、T3_s,U4_kV,二级：约束恢复后的直接减排,8,False,False,False
7,R8,T3_s,振打周期,缩短1%,1.2560189411447027,0.0016860448526987426,0.0013423721549629861,缩短1%,1.2560189411447027,0.002790853925018544,0.002221983947531104,1.4500000000018662,-1.287093037513716e-12,True,周期优先,T3_s、T4_s,U4_kV,一级：恢复尘负荷安全裕量,1,True,True,False
7,R8,T4_s,振打周期,缩短1%,1.2404386503030764,0.0016754631691906496,0.0013507021639331245,缩短1%,1.2404386503030764,0.002755702358553158,0.002221554736205501,1.4500000000018662,-1.287093037513716e-12,True,周期优先,T3_s、T4_s,U4_kV,一级：恢复尘负荷安全裕量,2,False,True,False
7,R8,T2_s,振打周期,缩短1%,2.1754094830662325,0.01045656128295569,0.004806709433029225,缩短1%,2.1754094830662325,0.004485949455320881,0.002062117265848244,1.4500000000018662,-1.287093037513716e-12,True,周期优先,T3_s、T4_s,U4_kV,一级：恢复尘负荷安全裕量,3,False,False,False
7,R8,T1_s,振打周期,缩短1%,2.1722940339564047,0.010706192086622934,0.004928518846559514,缩短1%,2.1722940339564047,0.004467494261125804,0.0020565789857596513,1.4500000000018662,-1.287093037513716e-12,True,周期优先,T3_s、T4_s,U4_kV,一级：恢复尘负荷安全裕量,4,False,False,False
7,R8,U4_kV,电压,提高1%,5.121321097596592,0.29879629238601524,0.05834359664076496,,0.0,0.0,0.0,1.4500000000018662,-1.287093037513716e-12,True,周期优先,T3_s、T4_s,U4_kV,二级：约束恢复后的直接减排,5,False,False,True
7,R8,U1_kV,电压,上限处反向差分,8.497124287244333,0.49143397243322795,0.057835328261698626,,0.0,0.0,0.0,1.4500000000018662,-1.287093037513716e-12,True,周期优先,T3_s、T4_s,U4_kV,二级：约束恢复后的直接减排,6,False,False,False
7,R8,U2_kV,电压,上限处反向差分,8.649572792908657,0.47627197565828716,0.05506306346699091,,0.0,0.0,0.0,1.4500000000018662,-1.287093037513716e-12,True,周期优先,T3_s、T4_s,U4_kV,二级：约束恢复后的直接减排,7,False,False,False
7,R8,U3_kV,电压,提高1%,5.730567286308087,0.3101216940509772,0.054117101947645546,,0.0,0.0,0.0,1.4500000000018662,-1.287093037513716e-12,True,周期优先,T3_s、T4_s,U4_kV,二级：约束恢复后的直接减排,8,False,False,False
