extension_pct,power_kW,c_mean_mgNm3,c_median_mgNm3,c_p95_mgNm3,compliance_probability,dust_load_index,feasible,regime,limit_mgNm3,global_iterations,local_success,design_confidence,voltage_upper_factor,verification_repair,U1_kV,U2_kV,U3_kV,U4_kV,T1_s,T2_s,T3_s,T4_s,history_power_mean_kW,saving_vs_history_pct
2,2150.547934843249,2.8030815074973496,2.651430463260394,4.707255159711622,0.9663,0.9028978338253784,True,0,5.0,90.0,True,0.975,1.02,False,71.56675578582157,72.74472291735236,60.38286656146703,59.16378948981471,290.0,289.0,506.0,510.0,1668.4366666666667,-28.89598855075404
2,2075.254673354835,2.768172417408416,2.655157443236483,4.644701406582257,0.9749,1.0982096871786078,True,1,5.0,90.0,True,0.975,1.02,False,70.32893309061829,72.82799999999976,54.39445014110973,58.82785939670823,289.9999999999993,289.0,506.0,510.0,1826.2083920187797,-13.637341851263088
2,2104.549492681332,2.12505462124096,1.7758213715643247,4.720979030966843,0.9637,1.257071639727792,True,2,5.0,90.0,True,0.975,1.02,False,70.58296369269056,72.15537506346891,59.575118513724085,57.28378087236878,289.99999994846416,288.99999999999994,505.99999990997713,509.9999999171281,1602.8751584283905,-31.298403472971025
2,2133.61797570967,1.76060973325753,1.3123518774166028,4.280614789095412,0.9774,1.4500000000014095,True,3,5.0,90.0,True,0.975,1.02,False,72.31799854714222,71.59536162612432,58.364848515659006,59.30685572041065,285.0370052650516,285.40668909594723,505.99999999999767,503.9898528109664,1772.3654489164085,-20.382507852098183
2,2187.0708813520705,2.143665623356532,1.780963249247291,4.716205733422349,0.9651,1.4499999999999986,True,4,5.0,90.0,True,0.975,1.02,False,69.22330261227276,72.82799999999888,59.66347297619218,59.26879111379834,258.5712452979479,256.14831650449867,459.4947776812558,456.0266462950841,1923.518053375196,-13.7016040745975
2,2123.5655372441324,2.800126163399685,2.6265638946960426,4.6829759061018965,0.9653,1.450000000033066,True,5,5.0,90.0,True,0.975,1.02,False,71.21152039161097,69.38028534651842,58.06531935343346,55.36920317663,255.6389726203221,255.40962361471733,449.1819782888383,445.2235476993886,1691.137237762238,-25.57026655353508
2,2233.5951072113085,2.865923556222961,2.742564658328848,4.617212046192892,0.9724,1.4499999999997908,True,6,5.0,90.0,True,0.975,1.02,False,72.29577941767363,72.42485889548512,60.01678465347227,59.364,254.3137605166206,254.18078947724763,450.418297401437,446.3215481950985,1805.110889443059,-23.737279536353142
2,2527.844030393669,3.021653039252996,2.91532372672363,4.713232830847729,0.9667,1.0537426720290743,True,7,5.0,90.0,False,0.975,1.02,False,72.31771209574246,72.82688644120601,60.382803227262336,59.35906401808428,169.92758619793142,159.5469180231759,360.7646699595738,370.28761550479487,1866.8557471264369,-35.40650016931733
3,2149.972124387402,2.8120626492383503,2.6603977951291595,4.740813312484813,0.9648,0.9028978338253784,True,0,5.0,,True,0.975,1.03,False,71.79217856497405,71.33325944359134,60.97599999999988,59.94599999999996,290.0,289.0,506.0,510.0,,
3,2074.127746628343,2.791880926849853,2.6746655209339583,4.691734785018328,0.9709,1.0982096871786087,True,1,5.0,,True,0.975,1.03,False,70.12352061158914,72.59970066694459,53.608760765379095,59.94599999999992,290.0,289.0,506.0,510.0,,
3,2103.695926972362,2.1366195767097715,1.7931446840941603,4.735907625727736,0.9623,1.257071639550404,True,2,5.0,,True,0.975,1.03,False,72.70280071075538,70.38175539159477,57.006392166024916,59.314795060573964,290.0,288.9999998890501,505.9999999999998,509.9999996215777,,
3,2132.197267196795,1.7819143959506545,1.3294789650694425,4.331817698177982,0.9761,1.4499999999886044,True,3,5.0,,True,0.975,1.03,False,73.02699999999976,72.53791662589555,56.016811125934666,59.38234518306612,281.4246221663017,287.5637094201173,506.0,508.0715661088376,,
3,2187.0492223384886,2.1436275543000933,1.780927288948237,4.716217868102538,0.9651,1.4499999999582367,True,4,5.0,,True,0.975,1.03,False,69.2155729375246,72.843553988624,59.65950223538424,59.26731329649708,258.1248006619525,257.3313011062935,459.43969049501317,453.99420469225254,,
3,2123.565537054168,2.800126410922593,2.6265593400609846,4.682980453412648,0.9653,1.450000000000039,True,5,5.0,,True,0.975,1.03,False,71.2114491587723,69.3804125939038,58.06521677451943,55.36926001156081,255.6333608218134,255.41805333662182,449.1770605900354,445.2204412222515,,
3,2233.3054423514036,2.8714817069064353,2.745594737458254,4.626683114965345,0.9718,1.4500000000889193,True,6,5.0,,True,0.975,1.03,False,72.09873628836323,72.44526878373352,60.051863492152044,59.510140099871904,254.06117945172883,253.9258629640423,450.8588395918963,447.31402715393125,,
3,2262.0011565995683,2.9958880155679766,2.8873109356923203,4.685891852160246,0.9684,1.4499999999785274,True,7,5.0,,True,0.975,1.03,False,72.78741626136984,72.32407743992646,60.892838340847476,59.48417097344899,249.7693775798667,249.6310269816497,440.76819455503215,435.1614215605711,,
4,2149.6284389404154,2.818471358718584,2.6636110879317387,4.753559973971517,0.9636,0.9028978338211341,True,0,5.0,,True,0.975,1.04,False,71.96311434073466,70.67122314497192,60.938672487283206,60.52731601609173,289.9999999955793,289.0,506.0,510.0,,
4,2072.1517971174326,2.8301046673320314,2.7111530943662707,4.763486313647992,0.967,1.0982096871786087,True,1,5.0,,True,0.975,1.04,False,70.32276977009238,72.19301595307135,53.019106589127354,60.528000000000006,290.0,289.0,506.0,510.0,,
4,2103.695792829516,2.136621498391616,1.7931442261795967,4.7359124601568885,0.9623,1.2570716398786692,True,2,5.0,,True,0.975,1.04,False,72.70229512075396,70.38159832088728,57.00640135534725,59.315577142232,290.0,289.0,506.0,510.0,,
4,2131.0629218301756,1.7945717606872735,1.3377488460584757,4.365715671319384,0.9748,1.4500000000002364,True,3,5.0,,True,0.975,1.04,False,73.36438538781225,71.97214160984481,55.9220414918533,59.6473559245512,285.584992467971,284.8247949916157,505.9999536334054,504.0910606262936,,
4,2186.319291506244,2.1598147398908645,1.8022718262898527,4.796568369700955,0.9612,1.4500000000002335,True,4,5.0,,True,0.975,1.04,False,66.52483625224177,74.25599999939057,61.46657412363988,58.68556489963933,258.59393409799617,257.5614657453708,457.54047367566176,453.92001446044753,,
4,2123.565537054168,2.800126410922593,2.6265593400609846,4.682980453412648,0.9653,1.450000000000039,True,5,5.0,,True,0.975,1.04,False,71.2114491587723,69.3804125939038,58.06521677451943,55.36926001156081,255.6333608218134,255.41805333662182,449.1770605900354,445.2204412222515,,
4,2233.176690095674,2.8763000006784636,2.740465781013998,4.673312389949842,0.9696,1.44999999999024,True,6,5.0,,True,0.975,1.04,False,69.91069491947754,72.47515515035062,61.56799999999995,60.527999999999956,254.59986449827073,254.55021474287204,449.49670606989736,445.39177268674655,,
4,2262.0011555557635,2.995888035111045,2.887311057093005,4.685891925155748,0.9684,1.4500000000001423,True,7,5.0,,True,0.975,1.04,False,72.78741745127765,72.32407655903916,60.892838826960656,59.48416996863901,249.76937903901472,249.6310210137536,440.768210549642,435.1614183666765,,
5,2148.6358503990136,2.8369681813590413,2.674590148308955,4.771826830969553,0.9626,0.902897833824828,True,0,5.0,,True,0.975,1.05,False,69.6975727602809,71.52071420988797,62.155444719098405,60.84874110386372,289.9999999999991,288.9999999994707,505.9999999998877,509.99999999999613,,
5,2071.387110128538,2.8483646650563395,2.722307481463554,4.817075915820086,0.9642,1.0982096871786087,True,1,5.0,,True,0.975,1.05,False,70.22902471588445,72.31604263411025,52.2092561024769,61.109999999999985,290.0,289.0,506.0,510.0,,
5,2103.6957928226434,2.1366214984771092,1.7931442263256225,4.73591246042766,0.9623,1.2570716398786692,True,2,5.0,,True,0.975,1.05,False,72.70229511228683,70.38159831497217,57.00640136744488,59.315577147399644,290.0,289.0,506.0,510.0,,
5,2131.0629218271906,1.794571760722696,1.3377488461210492,4.365715671417263,0.9748,1.4500000000002362,True,3,5.0,,True,0.975,1.05,False,73.36438538629206,71.97214161100638,55.92204149168991,59.647355924870865,285.58499246799647,284.8247949916026,505.99995363339514,504.09106062626915,,
5,2185.0432900842925,2.178800314037766,1.8162408239489265,4.821151383860481,0.9589,1.4500000000007232,True,4,5.0,,True,0.975,1.05,False,66.55804936609067,74.71375001469237,60.188131889860905,59.24994125340709,258.470021589935,257.7766939112207,457.3908507311308,453.81016927593555,,
5,2123.5655370322165,2.8001264315469814,2.6265590057796944,4.682980813689369,0.9653,1.4500000000001487,True,5,5.0,,True,0.975,1.05,False,71.21144906635917,69.38041572411073,58.065210643075744,55.369263439958274,255.6336342536315,255.4179313105242,449.1763769132634,445.2206992840259,,
5,2232.8068762692524,2.885502578244207,2.749430820895208,4.724412165130113,0.968,1.4500000000384892,True,6,5.0,,True,0.975,1.05,False,69.05942941211613,72.27521334557382,62.14752598884355,61.109999985539034,254.28144284823026,254.0353368454694,450.46147451143713,446.78087016537285,,
5,2262.001155547917,2.9958880352632087,2.8873110569790006,4.685891924503412,0.9684,1.4500000000001423,True,7,5.0,,True,0.975,1.05,False,72.78741744735352,72.32407655393463,60.89283882667543,59.48416997914884,249.76937903896365,249.63102101380568,440.7682105496418,435.1614183666734,,
6,2147.936533504278,2.8502559382765953,2.6830692906048617,4.806345158796074,0.9607,0.9028978338253784,True,0,5.0,,True,0.975,1.06,False,69.7081801665487,70.47646063765755,62.441653753907865,61.691999999999986,290.0,289.0,506.0,510.0,,
6,2071.2456014927475,2.849773403015004,2.722963032981615,4.811596312643395,0.9643,1.0982096871786082,True,1,5.0,,True,0.975,1.06,False,70.19969236293353,71.95676867150326,52.525825242978456,61.28528510108035,289.99999999999994,289.0,505.999999999999,510.0,,
6,2103.6957928192114,2.136621498531334,1.7931442263180104,4.735912460500964,0.9623,1.2570716398786692,True,2,5.0,,True,0.975,1.06,False,72.70229511093542,70.38159831303324,57.006401361436694,59.31557715673267,290.0,289.0,506.0,510.0,,
6,2131.0629218215154,1.7945717607926446,1.337748846229767,4.365715671596635,0.9748,1.4500000000002364,True,3,5.0,,True,0.975,1.06,False,73.36438538442611,71.97214161418437,55.922041489875504,59.64735592444909,285.5849924679043,284.82479499169955,505.99995363339525,504.0910606262545,,
6,2184.657545566074,2.186502527002481,1.8208004432898783,4.847223148862568,0.9581,1.450000000000008,True,4,5.0,,True,0.975,1.06,False,66.72354540571577,75.68399999998375,58.87796715427654,59.09492268876259,258.65513880766315,257.17834108353327,457.9764168802724,454.39518352535174,,
6,2123.5655370322165,2.8001264315469814,2.6265590057796944,4.682980813689369,0.9653,1.4500000000001487,True,5,5.0,,True,0.975,1.06,False,71.21144906635917,69.38041572411073,58.065210643075744,55.369263439958274,255.6336342536315,255.4179313105242,449.1763769132634,445.2206992840259,,
6,2232.6588674865047,2.8892904783730593,2.752827361438815,4.739392757409667,0.9659,1.4500000000005333,True,6,5.0,,True,0.975,1.06,False,68.46976688643669,72.57854139283981,62.72753673408881,60.81052104921934,254.22877127818919,254.23027314993115,449.66547933652527,447.17397537063187,,
6,2262.0011555396704,2.9958880354185347,2.8873110578238435,4.685891924705098,0.9684,1.4500000000001427,True,7,5.0,,True,0.975,1.06,False,72.78741745708247,72.32407654317011,60.89283882851226,59.484169977701015,249.76937903889845,249.63102101387716,440.76821054963415,435.16141836666264,,
7,2147.5442391703423,2.85839466729678,2.6904730034085063,4.835973881851316,0.9596,0.9028978338253779,True,0,5.0,,True,0.975,1.07,False,69.76088988768001,69.68080449267178,62.66340988740236,62.274,289.9999999999997,289.0,505.9999999999996,509.99999999999983,,
7,2071.245601492567,2.84977340301734,2.7229630329839676,4.811596312660704,0.9643,1.0982096871786082,True,1,5.0,,True,0.975,1.07,False,70.19969236275656,71.9567686717856,52.525825243152894,61.285285100785416,289.99999999999994,289.0,505.999999999999,510.0,,
7,2103.6957927698522,2.1366214992265173,1.7931442264972595,4.735912462181669,0.9623,1.2570716398786692,True,2,5.0,,True,0.975,1.07,False,72.70229499552646,70.38159827143609,57.006401369199224,59.3155773348209,290.0,289.0,506.0,510.0,,
7,2131.062921819658,1.7945717608161766,1.3377488462640472,4.365715671665705,0.9748,1.4500000000002362,True,3,5.0,,True,0.975,1.07,False,73.36438538387071,71.97214161534508,55.92204148894178,59.64735592441347,285.5849924679036,284.8247949917089,505.99995363339184,504.0910606262334,,
7,2184.657545402104,2.1865025294415696,1.8208004425137339,4.84722314352112,0.9581,1.4500000000000082,True,4,5.0,,True,0.975,1.07,False,66.72354541466714,75.6839999800007,58.87796702472242,59.09492281588453,258.65513880219424,257.1783410889834,457.97641688051306,454.3951835251118,,
7,2123.5655369387196,2.800126489107913,2.626558129835626,4.682981731367475,0.9653,1.4499999999998472,True,5,5.0,,True,0.975,1.07,False,71.21144460106797,69.38042913912082,58.065193947791805,55.36927254952145,255.63379204356832,255.4182162143987,449.17575882437245,445.2200667623881,,
7,2232.5069457663312,2.8924408053318906,2.756828910596642,4.747607219280249,0.9657,1.44999999998241,True,6,5.0,,True,0.975,1.07,False,68.15844851901987,73.06217568567567,63.036274753222536,60.24465604326833,254.1235623508871,254.10306892862303,450.5195870038133,446.97622017392723,,
7,2260.8645021159577,3.023849858359708,2.9075047444262845,4.784703683903608,0.9622,1.450000000031564,True,7,5.0,,True,0.975,1.07,False,75.86299999999294,72.72002792834867,60.286260997692,55.54183082675166,249.79029320719923,249.82409165956065,440.4830571940862,434.8415334572985,,
8,2147.3318781701223,2.8616402609869103,2.69882041373688,4.8239874535633485,0.9594,0.9028978338253784,True,0,5.0,,True,0.975,1.08,False,71.97839579957179,68.67975244561,61.29203848054719,62.20331070631724,290.0,289.0,506.0,510.0,,
8,2071.2456014924137,2.84977340301939,2.722963032984475,4.81159631268027,0.9643,1.0982096871786082,True,1,5.0,,True,0.975,1.08,False,70.19969236257651,71.95676867206089,52.525825243295536,61.28528510053186,289.99999999999994,289.0,505.999999999999,510.0,,
8,2103.695792764367,2.1366214993085046,1.7931442264706936,4.735912462330297,0.9623,1.2570716398786692,True,2,5.0,,True,0.975,1.08,False,72.7022949904433,70.38159827913918,57.00640136138006,59.31557733878839,290.0,289.0,506.0,510.0,,
8,2131.062921817801,1.7945717608398375,1.3377488462996359,4.365715671741117,0.9748,1.4500000000002364,True,3,5.0,,True,0.975,1.08,False,73.36438538321424,71.9721416165326,55.92204148794954,59.64735592452367,285.5849924679066,284.8247949917165,505.9999536333868,504.0910606262086,,
8,2184.506094717401,2.188623055987599,1.8227983614075327,4.854256405869381,0.9578,1.4499999999342497,True,4,5.0,,True,0.975,1.08,False,66.96441308896149,75.83762200955212,58.69885103743792,58.78901730728727,258.1023574761457,257.9631045921699,457.52229632570777,454.18785637272646,,
8,2123.5655369387196,2.800126489107913,2.626558129835626,4.682981731367475,0.9653,1.4499999999998472,True,5,5.0,,True,0.975,1.08,False,71.21144460106797,69.38042913912082,58.065193947791805,55.36927254952145,255.63379204356832,255.4182162143987,449.17575882437245,445.2200667623881,,
8,2232.3325762379964,2.894494969952134,2.7606850473676867,4.75552561714335,0.9659,1.4499999999999098,True,6,5.0,,True,0.975,1.08,False,68.88777554382592,72.06614863220965,63.62793101494056,59.986931355416715,254.3262186490973,254.25382444857289,450.0351234546893,446.4630312539255,,
8,2260.828090759334,3.024930206860915,2.908284360181062,4.787370030113355,0.9618,1.4500000000036475,True,7,5.0,,True,0.975,1.08,False,75.96810901466269,72.72094652291894,60.22627641242951,55.45911511464364,249.86330585509236,249.91402221996117,440.1993774254229,434.66504192125973,,
9,2147.331878069654,2.8616402619647974,2.6988204428389246,4.823987505160642,0.9594,0.902897833825378,True,0,5.0,,True,0.975,1.09,False,71.97839600107869,68.67975273790707,61.29203823065079,62.20331038551308,289.9999999999999,288.9999999999999,505.99999999999994,509.99999999999994,,
9,2071.2456014922745,2.8497734030213286,2.722963032983505,4.8115963127024255,0.9643,1.0982096871786082,True,1,5.0,,True,0.975,1.09,False,70.19969236238832,71.95676867234107,52.52582524341485,61.285285100302985,289.99999999999994,289.0,505.999999999999,510.0,,
9,2103.695792762707,2.1366214993311687,1.793144226495122,4.735912462385643,0.9623,1.2570716398786692,True,2,5.0,,True,0.975,1.09,False,72.70229498843393,70.38159827638954,57.00640136264657,59.31557734313698,290.0,289.0,506.0,510.0,,
9,2131.0629218159957,1.794571760862982,1.337748846333629,4.365715671818564,0.9748,1.4500000000002362,True,3,5.0,,True,0.975,1.09,False,73.36438538257602,71.97214161767475,55.92204148691682,59.64735592470898,285.58499246790973,284.82479499172416,505.99995363338155,504.0910606261833,,
9,2184.498929331753,2.1887362462922524,1.8228257597283957,4.854962073282941,0.9578,1.4500000000021496,True,4,5.0,,True,0.975,1.09,False,66.96485209891324,75.84090164555347,58.69770365789464,58.784706068011296,258.10150696046486,257.9638961166929,457.52380476258526,454.1865067370297,,
9,2123.565536882657,2.8001264896790476,2.626558132530948,4.6829817439894414,0.9653,1.4499999999989728,True,5,5.0,,True,0.975,1.09,False,71.21144451151582,69.3804290072062,58.06519380409369,55.369272953738324,255.6337972552629,255.41820887471678,449.17573804395863,445.220093610247,,
9,2232.332576125534,2.894494971972308,2.760685051890359,4.755525616903131,0.9659,1.4499999999999098,True,6,5.0,,True,0.975,1.09,False,68.887775593838,72.0661485798794,63.62793105992874,59.98693130279683,254.32621864829548,254.253824449231,450.03512345471387,446.4630312542998,,
9,2260.828090472622,3.0249302401453444,2.9082841877906236,4.787370149235873,0.9618,1.4499999999995687,True,7,5.0,,True,0.975,1.09,False,75.96811311182063,72.72094947677981,60.22627585401533,55.45911085505476,249.86350151579836,249.9145133129382,440.19931407053724,434.66316471916736,,
10,2147.3318778569114,2.8616402663193674,2.6988204242664393,4.823987472019492,0.9594,0.9028978338253784,True,0,5.0,,True,0.975,1.1,False,71.97839584520045,68.67975248448994,61.292038425296774,62.20331063513878,289.99999999999994,288.99999999999994,505.99999999999994,509.99999999999994,,
10,2071.2456014921418,2.8497734030232533,2.7229630329812333,4.811596312727778,0.9643,1.0982096871786082,True,1,5.0,,True,0.975,1.1,False,70.19969236218478,71.95676867263735,52.52582524352015,61.285285100085225,289.99999999999994,289.0,505.999999999999,510.0,,
10,2103.6957927563753,2.136621499422323,1.7931442265161337,4.735912462584906,0.9623,1.2570716398786692,True,2,5.0,,True,0.975,1.1,False,72.70229497656481,70.38159827087577,57.006401361548455,59.31557736460048,290.0,289.0,506.0,510.0,,
10,2131.062921814186,1.794571760886319,1.337748846366747,4.365715671899638,0.9748,1.4500000000002362,True,3,5.0,,True,0.975,1.1,False,73.36438538195563,71.97214161879727,55.922041485818546,59.64735592495663,285.5849924679129,284.8247949917321,505.9999536333761,504.0910606261572,,
10,2184.498917907557,2.188728834097649,1.8228126586182571,4.854946355847928,0.9578,1.4499999999956712,True,4,5.0,,True,0.975,1.1,False,66.9651678454987,75.84146245312527,58.69773520824705,58.78405405403199,258.11630089125464,258.00668189393497,457.5984190292048,453.9491748031892,,
10,2123.565536858646,2.800126490141012,2.6265581325505494,4.682981745830844,0.9653,1.449999999998973,True,5,5.0,,True,0.975,1.1,False,71.21144450351925,69.38042900976832,58.065193788483,55.36927297444926,255.63379725487394,255.4182088750162,449.1757380440969,445.22009361035816,,
10,2232.332576125534,2.894494971972308,2.760685051890359,4.755525616903131,0.9659,1.4499999999999098,True,6,5.0,,True,0.975,1.1,False,68.887775593838,72.0661485798794,63.62793105992874,59.98693130279683,254.32621864829548,254.253824449231,450.03512345471387,446.4630312542998,,
10,2260.828090472622,3.0249302401453444,2.9082841877906236,4.787370149235873,0.9618,1.4499999999995687,True,7,5.0,,True,0.975,1.1,False,75.96811311182063,72.72094947677981,60.22627585401533,55.45911085505476,249.86350151579836,249.9145133129382,440.19931407053724,434.66316471916736,,
