extension_pct,regime,component,increment_kW,share_pct
2,0,U1,20.323299802778454,17.7436013552985
2,0,U2,50.94645857074952,44.47966915392477
2,0,U3,18.097597820372396,15.800414515821203
2,0,U4,25.17139721855304,21.97631497522929
2,0,T1,0.0,0.0
2,0,T2,-3.1358339555411004e-10,-2.7377929845783853e-10
2,0,T3,0.0,0.0
2,0,T4,0.0,0.0
2,1,U1,54.62501637451564,47.97988165538192
2,1,U2,55.85233018151012,49.057892704566406
2,1,U3,-2.8897284998586437,-2.538192949706579
2,1,U4,6.262217520465917,5.500418589757871
2,1,T1,4.427828867178095e-13,3.889183365748191e-13
2,1,T2,-2.3354687983474347e-14,-2.0513589558725425e-14
2,1,T3,0.0,0.0
2,1,T4,0.0,0.0
2,2,U1,21.48210830594754,20.55150202353545
2,2,U2,19.185071439991006,18.353972939028814
2,2,U3,52.32072513167399,50.05418802952132
2,2,U4,11.540261815227067,11.040336947845342
2,2,T1,2.6553083803043105e-08,2.540280254328028e-08
2,2,T2,-4.6709375966948693e-14,-4.4685922863402227e-14
2,2,T3,1.923696063573682e-08,1.84036142915526e-08
2,2,T4,1.699910603668593e-08,1.626270369442842e-08
2,3,U1,22.88203198882653,20.4859226929933
2,3,U2,9.650114095420204,8.639595095133052
2,3,U3,68.03809505838419,60.91343444608426
2,3,U4,11.084872665527017,9.924111835808455
2,3,T1,0.286364660024395,0.2563777679416624
2,3,T2,0.12852779122718697,0.11506890630460852
2,3,T3,4.982820261915356e-13,4.4610404674079606e-13
2,3,T4,-0.37363635827414626,-0.3345107442657782
2,4,U1,-19.95682625925827,-19.43700525389571
2,4,U2,17.559936760915914,17.102548203107144
2,4,U3,62.47349601332762,60.84623148317236
2,4,U4,42.515169981065206,41.40776552127717
2,4,T1,-0.45379857815673985,-0.4419783603493065
2,4,T2,1.203570977520598,1.1722212294478194
2,4,T3,-0.23485632981749555,-0.22873896166007843
2,4,T4,-0.43230420909639317,-0.4210438610993912
2,5,U1,41.52039337049059,42.8891906714989
2,5,U2,20.133792988729294,20.797541071656166
2,5,U3,54.3729553464969,56.165461353413164
2,5,U4,-19.186847361740483,-19.81937761378464
2,5,T1,0.1476426968354452,0.15251001403879275
2,5,T2,-0.5418694039029652,-0.5597331406682462
2,5,T3,0.12833548092716682,0.13256629970456207
2,5,T4,0.2341230409056836,0.24184134414130085
2,6,U1,16.97748797401237,14.686758958101674
2,6,U2,64.06692952534358,55.42254263791611
2,6,U3,16.418768359520698,14.203425951725032
2,6,U4,18.150321796237307,15.701345313355963
2,6,T1,-0.7122964678708374,-0.6161881278513919
2,6,T2,0.575652108073502,0.4979808419207812
2,6,T3,0.004047730001296493,0.00350158014822428
2,6,T4,0.116328790802704,0.1006328446836162
2,7,U1,17.24690615453635,4.59974456308008
2,7,U2,17.546108878662857,4.679541837514582
2,7,U3,22.723152291676875,6.060257722350388
2,7,U4,45.50461816638208,12.1360676593464
2,7,T1,101.17289461948755,26.982779855542862
2,7,T2,122.16679765967868,32.581847334758564
2,7,T3,27.31084606926103,7.283794240809883
2,7,T4,21.282239733581378,5.675966786597236
3,0,U1,23.068341765010228,20.24196740326145
3,0,U2,33.60792271938685,29.490220108018974
3,0,U3,24.17478594641132,21.212848070870606
3,0,U4,33.11189252579796,29.054964418124126
3,0,T1,0.0,0.0
3,0,T2,-3.1358339555411004e-10,-2.7516259884090217e-10
3,0,T3,0.0,0.0
3,0,T4,0.0,0.0
3,1,U1,52.17435910364443,46.28549745199278
3,1,U2,53.02161001271042,47.03712009703325
3,1,U3,-10.053905516249898,-8.919132427300974
3,1,U4,17.58084525003666,15.596514878274965
3,1,T1,0.0,0.0
3,1,T2,-2.3354687983474347e-14,-2.0718670429737594e-14
3,1,T3,0.0,0.0
3,1,T4,0.0,0.0
3,2,U1,47.282835140688626,45.60696126470652
3,2,U2,-2.36921585849334,-2.2852423202738703
3,2,U3,27.037860498594064,26.07954139743996
3,2,U4,31.723121123083693,30.598739520402628
3,2,T1,-6.3760502643739975e-09,-6.150060091868077e-09
3,2,T2,7.153762798874035e-08,6.900207694702864e-08
3,2,T3,0.0,0.0
3,2,T4,7.762401240443098e-08,7.48727379905676e-08
3,3,U1,31.63536882769057,28.687534882523316
3,3,U2,21.232982571600513,19.2544595101933
3,3,U3,45.363467495093275,41.13642749815547
3,3,U4,11.848486924130407,10.744426081847768
3,3,T1,2.7062646925719553,2.4540906474763156
3,3,T2,-1.2868090698250922,-1.1669021555848758
3,3,T3,0.0,0.0
3,3,T4,-1.2241000530009776,-1.1100364646113003
3,4,U1,-20.047722454962894,-19.52965360325896
3,4,U2,17.753116550676328,17.29434440205761
3,4,U3,62.43349468868878,60.82010199663135
3,4,U4,42.50024039088753,41.4019584894939
3,4,T1,-0.09436006380989492,-0.09192163171295613
3,4,T2,0.2370778393949209,0.23095132580737013
3,4,T3,-0.22057965189981718,-0.214879480859156
3,4,T4,0.09146204394327653,0.08909850184084395
3,5,U1,41.519531609735594,42.88830058534972
3,5,U2,20.13529841850579,20.799096171549817
3,5,U3,54.3719496121351,56.164422573349675
3,5,U4,-19.18631095982872,-19.81882356727203
3,5,T1,0.15225719457874556,0.15727663762575148
3,5,T2,-0.5488281053622314,-0.5669212498279738
3,5,T3,0.12966902599032845,0.13394380783377405
3,5,T4,0.2349591730228028,0.24270504139127333
3,6,U1,14.560700738653424,12.627705286649466
3,6,U2,64.31902475549992,55.78039845163914
3,6,U3,16.77436167508104,14.54749324270367
3,6,U4,19.630906565445404,17.024819551447074
3,6,T1,-0.5022286219742994,-0.4355556191039502
3,6,T2,0.7883529209175931,0.6836956906057042
3,6,T3,-0.11464293302129112,-0.09942359213158583
3,6,T4,-0.1489001443854706,-0.12913301180951017
3,7,U1,23.036306696361056,21.112786238438595
3,7,U2,11.323562720820075,10.37805071504763
3,7,U3,27.945339270050486,25.611916968548602
3,7,U4,46.771780950573124,42.866359882094855
3,7,T1,0.08616312655854194,0.07896854720003314
3,7,T2,0.36182756275654715,0.33161513641685175
3,7,T3,-0.2162586036233834,-0.1982011149054965
3,7,T4,-0.19803194433105895,-0.18149637284107153
4,0,U1,25.155633892460102,22.14029069007046
4,0,U2,25.592452321421455,22.524748781539312
4,0,U3,23.790580259578576,20.938862637462638
4,0,U4,39.080591033334976,34.39609788871751
4,0,T1,2.8246518605476595e-09,2.4860678748198136e-09
4,0,T2,-3.1358339555411004e-10,-2.759949346865125e-10
4,0,T3,0.0,0.0
4,0,T4,0.0,0.0
4,1,U1,54.55138105554488,49.257678387762944
4,1,U2,48.001078190454045,43.34302131349827
4,1,U3,-15.362100438838143,-13.8713518912806
4,1,U4,23.55660053206999,21.270652190019405
4,1,T1,0.0,0.0
4,1,T2,-2.3354687983474347e-14,-2.1088333370793714e-14
4,1,T3,0.0,0.0
4,1,T4,0.0,0.0
4,2,U1,47.27659054208459,45.60099699952845
4,2,U2,-2.371100939267983,-2.28706354619393
4,2,U3,27.037948952259164,26.079660460028762
4,2,U4,31.7310283551128,30.606406092786933
4,2,T1,-6.3760502643739975e-09,-6.150068049339093e-09
4,2,T2,-7.006406395042304e-14,-6.75808287641618e-14
4,2,T3,-4.7455431065860536e-14,-4.577349899458753e-14
4,2,T4,-4.6276470271754975e-14,-4.463632334342225e-14
4,3,U1,35.830718982878174,32.82965634734833
4,3,U2,14.262112300296897,13.067564896751787
4,3,U3,44.467837117842514,40.74335800479557
4,3,U4,14.536895731836543,13.319333375963785
4,3,T1,-0.0753788518786817,-0.06906536830079567
4,3,T2,0.514011315707269,0.47095942622255765
4,3,T3,9.908088309157271e-06,9.078219569198388e-06
4,3,T4,-0.3948904831299898,-0.36181576100080115
4,4,U1,-51.07236439110233,-50.10887175135198
4,4,U2,35.46759503416137,34.798490183182224
4,4,U3,80.91306375894409,79.3866190305505
4,4,U4,36.65206717925641,35.9606169716956
4,4,T1,-0.4720324932983195,-0.46312748491583744
4,4,T2,0.050066085358962314,0.04912157641915538
4,4,T3,0.2737335187379515,0.2685694689881237
4,4,T4,0.11066981861551785,0.10858200543220778
4,5,U1,41.519531609735594,42.88830058534972
4,5,U2,20.13529841850579,20.799096171549817
4,5,U3,54.3719496121351,56.164422573349675
4,5,U4,-19.18631095982872,-19.81882356727203
4,5,T1,0.15225719457874556,0.15727663762575148
4,5,T2,-0.5488281053622314,-0.5669212498279738
4,5,T3,0.12966902599032845,0.13394380783377405
4,5,T4,0.2349591730228028,0.24270504139127333
4,6,U1,-11.8329302649568,-10.27352944536285
4,6,U2,64.6882980273091,56.16336103341296
4,6,U3,32.341958569385675,28.079778739784715
4,6,U4,30.044095594291832,26.084739268796852
4,6,T1,-0.9497413622787605,-0.8245798489783878
4,6,T2,0.26817399497490507,0.23283272800267232
4,6,T3,0.25309483947422656,0.21974077659430397
4,6,T4,0.3658733022868061,0.3176567477497399
4,7,U1,23.03632141020136,21.112799925655363
4,7,U2,11.32355185710411,10.378040857727926
4,7,U3,27.94534426823603,25.61192179440381
4,7,U4,46.77177076250514,42.86635095480536
4,7,T1,0.08616186969559415,0.07896739603997245
4,7,T2,0.36183272012240897,0.33161986631759277
4,7,T3,-0.21626310804257368,-0.1982052451039898
4,7,T4,-0.1980310444610539,-0.18149554984604843
5,0,U1,-2.1057441462983753,-1.8696674292111548
5,0,U2,35.89107023066303,31.867292675495033
5,0,U3,36.43576994754157,32.35092565680407
5,0,U4,42.40557293594508,37.65144909686492
5,0,T1,5.82609061470802e-13,5.172922779389224e-13
5,0,T2,2.7698659948400574e-11,2.4593340282747738e-11
5,0,T3,2.401244811932543e-11,2.1320392709268838e-11
5,0,T4,7.866999946198346e-13,6.985024078480234e-13
5,1,U1,53.432172082722424,48.58253147609116
5,1,U2,49.51686993917263,45.02259216961999
5,1,U3,-22.55686225167096,-20.50954373793859
5,1,U4,29.590092580112202,26.90442009222746
5,1,T1,0.0,0.0
5,1,T2,-2.3354687983474347e-14,-2.1234956765650912e-14
5,1,T3,0.0,0.0
5,1,T4,0.0,0.0
5,2,U1,47.276590437506506,45.60099690167957
5,2,U2,-2.3711010102580383,-2.287063614819531
5,2,U3,27.03794906870733,26.07966057407846
5,2,U4,31.73102840736058,30.60640614521171
5,2,T1,-6.3760502643739975e-09,-6.1500680497467585e-09
5,2,T2,-7.006406395042304e-14,-6.758082876864148e-14
5,2,T3,-4.7455431065860536e-14,-4.5773498997621684e-14
5,2,T4,-4.6276470271754975e-14,-4.463632334638103e-14
5,3,U1,35.83071896393115,32.82965633088611
5,3,U2,14.26211231455249,13.067564910170766
5,3,U3,44.467837116299705,40.74335800449628
5,3,U4,14.536895735086603,13.3193333793059
5,3,T1,-0.07537885189546084,-0.06906536831805833
5,3,T2,0.5140113157159802,0.4709594262434196
5,3,T3,9.908090515834815e-06,9.078221591300192e-06
5,3,T4,-0.39489048312485314,-0.36181576100599006
5,4,U1,-50.69690910158754,-50.37111022708159
5,4,U2,41.28154935588891,41.01625739714128
5,4,U3,67.78233642037925,67.34673966885161
5,4,U4,42.32476792883922,42.052771824948344
5,4,T1,-0.3724108739516603,-0.3700176108171346
5,4,T2,-0.12450743606155933,-0.1237073008411814
5,4,T3,0.3128506384611735,0.3108401335269402
5,4,T4,0.1391201567546688,0.1382261142717052
5,5,U1,41.5195304917404,42.88829944022272
5,5,U2,20.13533545118153,20.799134429793178
5,5,U3,54.371889496487704,56.16436048861294
5,5,U4,-19.186278602967743,-19.818790148200588
5,5,T1,0.15203235100060966,0.1570443816943526
5,5,T2,-0.5487273765868397,-0.5668172004687269
5,5,T3,0.12985442269514763,0.13413531651796132
5,5,T4,0.23488971327509522,0.24263329182815288
5,6,U1,-21.881700274696843,-19.059218862083508
5,6,U2,62.22073391790591,54.19499264744685
5,6,U3,38.39503117163128,33.44252471837577
5,6,U4,36.07758749170311,31.424003957108507
5,6,T1,-0.6854416349091235,-0.5970277434073078
5,6,T2,0.6969598538159247,0.6070602478420736
5,6,T3,-0.007595287597918102,-0.00661558502455976
5,6,T4,-0.006566363787765624,-0.005719380257840523
5,7,U1,23.036321361677494,21.112799882701584
5,7,U2,11.323551794151514,10.378040800778198
5,7,U3,27.945344265303365,25.611921793557947
5,7,U4,46.77177086906744,42.86635105555258
5,7,T1,0.08616186973959279,0.0789673960859763
5,7,T2,0.36183272007742784,0.3316198663002166
5,7,T3,-0.21626310804252621,-0.19820524511820056
5,7,T4,-0.19803104446017464,-0.18149554985829516
6,0,U1,-1.9801364289999372,-1.769126484566063
6,0,U2,23.248632236297624,20.771180418080057
6,0,U3,39.44648759625951,35.24293826809426
6,0,U4,51.212368669925496,45.75500779867191
6,0,T1,0.0,0.0
6,0,T2,-3.1358339555411004e-10,-2.8016690267908277e-10
6,0,T3,0.0,0.0
6,0,T4,0.0,0.0
6,1,U1,53.08228391638298,48.326579423950015
6,1,U2,45.097550470336884,41.0572076752276
6,1,U3,-19.757626270811393,-17.987517204594113
6,1,U4,31.418555598636527,28.60373010541627
6,1,T1,4.6608724917664157e-14,4.243299421951504e-14
6,1,T2,-2.3354687983474347e-14,-2.1262313911225736e-14
6,1,T3,2.372771553293027e-13,2.1601921482077438e-13
6,1,T4,0.0,0.0
6,2,U1,47.276590420815175,45.60099688708944
6,2,U2,-2.371101033527986,-2.2870636373404505
6,2,U3,27.037949010874335,26.079660519158566
6,2,U4,31.73102850172273,30.60640623724267
6,2,T1,-6.3760502643739975e-09,-6.150068049950356e-09
6,2,T2,-7.006406395042304e-14,-6.758082877087874e-14
6,2,T3,-4.7455431065860536e-14,-4.5773498999137016e-14
6,2,T4,-4.6276470271754975e-14,-4.463632334785871e-14
6,3,U1,35.83071894067492,32.829656311284886
6,3,U2,14.262112353554928,13.067564946586002
6,3,U3,44.467837099166985,40.7433579909172
6,3,U4,14.536895730798369,13.319333376069443
6,3,T1,-0.07537885183475297,-0.06906536826602656
6,3,T2,0.5140113156515914,0.4709594262089137
6,3,T3,9.9080904921071e-06,9.0782215700319e-06
6,3,T4,-0.3948904831217757,-0.36181576102198487
6,4,U1,-48.823277469083216,-48.696154904967166
6,4,U2,53.7229748426352,53.5830947963138
6,4,U3,54.61212364876913,54.469928500267464
6,4,U4,40.76122570020736,40.655094530893614
6,4,T1,-0.5212038690616794,-0.5198467956389808
6,4,T2,0.3615449873203473,0.36060362229501547
6,4,T3,0.15990713395981393,0.15949077918104487
6,4,T4,-0.012242404242908652,-0.012210528344792445
6,5,U1,41.5195304917404,42.88829944022272
6,5,U2,20.13533545118153,20.799134429793178
6,5,U3,54.371889496487704,56.16436048861294
6,5,U4,-19.186278602967743,-19.818790148200588
6,5,T1,0.15203235100060966,0.1570443816943526
6,5,T2,-0.5487273765868397,-0.5668172004687269
6,5,T3,0.12985442269514763,0.13413531651796132
6,5,T4,0.23488971327509522,0.24263329182815288
6,6,U1,-28.77020336044775,-25.091533596894195
6,6,U2,65.96690394800115,57.532119810104916
6,6,U3,44.509947503550016,38.81873302003456
6,6,U4,32.96573085230203,28.75060467469128
6,6,T1,-0.6416588018144912,-0.5596138192615339
6,6,T2,0.5344142839345926,0.4660820012985926
6,6,T3,0.207409878624036,0.18088964727226567
6,6,T4,-0.11154421283232682,-0.0972817372458742
6,7,U1,23.036321481981066,21.112799994555505
6,7,U2,11.3235516613959,10.378040679891951
6,7,U3,27.945344284189513,25.611921812802777
6,7,U4,46.771770854387526,42.86635104533813
6,7,T1,0.08616186979575631,0.0789673961434183
6,7,T2,0.3618327200156313,0.3316198662686428
6,7,T3,-0.216263108040367,-0.19820524513120133
6,7,T4,-0.19803104445714353,-0.181495549869234
7,0,U1,-1.3556901995177502,-1.215483478465876
7,0,U2,13.740697441001286,12.319621937280761
7,0,U3,41.78871624807448,37.46688897205382
7,0,U4,57.36133424998803,51.428972569412146
7,0,T1,1.8643489967065663e-13,1.6715363173661368e-13
7,0,T2,-3.1358339555411004e-10,-2.811523138198064e-10
7,0,T3,9.491086213172107e-14,8.509509391533303e-14
7,0,T4,4.6276470271754975e-14,4.149051536777668e-14
7,1,U1,53.08228391427245,48.326579422107784
7,1,U2,45.09755047380122,41.05720767844886
7,1,U3,-19.757626269264282,-17.98751720321509
7,1,U4,31.418555595555564,28.603730102658215
7,1,T1,4.6608724917664157e-14,4.243299421958459e-14
7,1,T2,-2.3354687983474347e-14,-2.1262313911260588e-14
7,1,T3,2.372771553293027e-13,2.1601921482112845e-13
7,1,T4,0.0,0.0
7,2,U1,47.276588995391045,45.600995533896246
7,2,U2,-2.3711015327547456,-2.2870641199623063
7,2,U3,27.037949085594143,26.079660603646605
7,2,U4,31.731030302294588,30.60640798856968
7,2,T1,-6.3760502643739975e-09,-6.1500680528783915e-09
7,2,T2,-7.006406395042304e-14,-6.758082880305384e-14
7,2,T3,-4.7455431065860536e-14,-4.577349902092969e-14
7,2,T4,-4.6276470271754975e-14,-4.463632336910998e-14
7,3,U1,35.83071893375264,32.8296563055009
7,3,U2,14.262112367799975,13.067564959860238
7,3,U3,44.467837090350216,40.74335798353202
7,3,U4,14.536895730436187,13.319333375964186
7,3,T1,-0.07537885183426359,-0.06906536826675311
7,3,T2,0.514011315645379,0.47095942621123366
7,3,T3,9.908091227666281e-06,9.078222244137515e-06
7,3,T4,-0.3948904831173332,-0.36181576102406965
7,4,U1,-48.823277367616114,-48.69615488340363
7,4,U2,53.7229745847413,53.58309462672304
7,4,U3,54.61212236077828,54.46992730471219
7,4,U4,40.761226980700265,40.65509587454122
7,4,T1,-0.5212038646690633,-0.5198467921079775
7,4,T2,0.36154498288281645,0.36060361845878236
7,4,T3,0.15990713389705413,0.1594907793792852
7,4,T4,-0.01224240418089818,-0.012210528302912953
7,5,U1,41.51947647156183,42.88824368058901
7,5,U2,20.13549416074522,20.79929839160212
7,5,U3,54.3717258078595,56.1641914579259
7,5,U4,-19.18619262784218,-19.818701357884976
7,5,T1,0.15190260021159654,0.15691035357953723
7,5,T2,-0.5489625557873805,-0.5670601333389708
7,5,T3,0.13002203402916732,0.13430845360269053
7,5,T4,0.23505996255143297,0.2428091539246896
7,6,U1,-32.38323333002836,-28.28005760824367
7,6,U2,71.97234702781859,62.85296157440349
7,6,U3,47.788065369424054,41.73299274537399
7,6,U4,27.127615201894653,23.690362011271578
7,6,T1,-0.554150365948379,-0.4839357488777278
7,6,T2,0.6404539019031709,0.5593040403550787
7,6,T3,-0.023262215085487307,-0.02031473435677338
7,6,T4,-0.058757218834424876,-0.05131227992594834
7,7,U1,61.87102056381463,57.30175814440613
7,7,U2,16.220066855294284,15.022191965777186
7,7,U3,21.739612286181238,20.134111156144034
7,7,U4,8.123818163943488,7.523862696903321
7,7,T1,0.0681485894334577,0.06311571966993364
7,7,T2,0.19511291873933273,0.1807035535953198
7,7,T3,-0.13590593010771365,-0.1258690848551703
7,7,T4,-0.10783815174372599,-0.09987415164075598
8,0,U1,25.342477091551416,22.764878891646646
8,0,U2,1.9316703631176404,1.7351990382035762
8,0,U3,27.437144345940993,24.646496311767493
8,0,U4,56.61140493871669,50.85342575866396
8,0,T1,0.0,0.0
8,0,T2,-3.1358339555411004e-10,-2.816886445800719e-10
8,0,T3,0.0,0.0
8,0,T4,0.0,0.0
8,1,U1,53.08228391212515,48.32657942022021
8,1,U2,45.09755047717909,41.057207681581325
8,1,U3,-19.757626267999164,-17.987517202088387
8,1,U4,31.418555592906813,28.603730100286633
8,1,T1,4.6608724917664157e-14,4.243299421964373e-14
8,1,T2,-2.3354687983474347e-14,-2.126231391129022e-14
8,1,T3,2.372771553293027e-13,2.160192148214295e-13
8,1,T4,0.0,0.0
8,2,U1,47.27658893260877,45.600995475751816
8,2,U2,-2.3711014403063135,-2.2870640309114707
8,2,U3,27.037949010329157,26.07966053242904
8,2,U4,31.731030342408108,30.606408028880836
8,2,T1,-6.3760502643739975e-09,-6.150068053203786e-09
8,2,T2,-7.006406395042304e-14,-6.758082880662948e-14
8,2,T3,-4.7455431065860536e-14,-4.5773499023351524e-14
8,2,T4,-4.6276470271754975e-14,-4.4636323371471646e-14
8,3,U1,35.83071892557064,32.82965629856293
8,3,U2,14.262112382374042,13.067564973436026
8,3,U3,44.46783708098089,40.743357975640855
8,3,U4,14.536895731556681,13.319333377217514
8,3,T1,-0.07537885183624445,-0.0690653682697435
8,3,T2,0.5140113156403577,0.4709594262146482
8,3,T3,9.90809229541348e-06,9.07822322260824e-06
8,3,T4,-0.3948904831121271,-0.3618157610254574
8,4,U1,-46.08802605795867,-46.03756809064218
8,4,U2,55.707575868555374,55.64658625188311
8,4,U3,52.834109841878764,52.77626614546519
8,4,U4,37.687831629255754,37.646570339952824
8,4,T1,-0.0762579303732071,-0.07617444187331876
8,4,T2,-0.27547142179924533,-0.2751698309265902
8,4,T3,0.27848440299641725,0.27817951345988395
8,4,T4,0.04135538927587024,0.04131011268108143
8,5,U1,41.51947647156183,42.88824368058901
8,5,U2,20.13549416074522,20.79929839160212
8,5,U3,54.3717258078595,56.1641914579259
8,5,U4,-19.18619262784218,-19.818701357884976
8,5,T1,0.15190260021159654,0.15691035357953723
8,5,T2,-0.5489625557873805,-0.5670601333389708
8,5,T3,0.13002203402916732,0.13430845360269053
8,5,T4,0.23505996255143297,0.2428091539246896
8,6,U1,-23.893074701944986,-20.897481564232567
8,6,U2,59.647870718651326,52.16952168099464
8,6,U3,54.11512794701989,47.33044627893276
8,6,U4,24.48672045544718,21.41669900879558
8,6,T1,-0.7226469102655046,-0.6320450872525707
8,6,T2,0.5147931588563835,0.45025099033062455
8,6,T3,0.10747122270312154,0.09399702311821725
8,6,T4,0.07844695234156596,0.0686116693133118
8,7,U1,63.2266068075925,58.57698594825906
8,7,U2,16.231457696786613,15.03781267778324
8,7,U3,21.129302053516508,19.57547450319176
8,7,U4,7.341305847175968,6.801433623672792
8,7,T1,0.005286759210146792,0.004897976272979588
8,7,T2,0.11754428117634096,0.10890019335875399
8,7,T3,-0.0558607116281596,-0.05175277126700911
8,7,T4,-0.05801879489858707,-0.05375215127156477
9,0,U1,25.34247955559578,22.764881125616817
9,0,U2,1.931673786286473,1.7352021147659127
9,0,U3,27.437141759677154,24.64649401079742
9,0,U4,56.6114015372989,50.85342274910137
9,0,T1,6.991308737649623e-14,6.280218633536873e-14
9,0,T2,-3.1351333149015965e-10,-2.8162570702730107e-10
9,0,T3,2.3727715532930268e-14,2.1314355696908862e-14
9,0,T4,2.3138235135877487e-14,2.0784831696096368e-14
9,1,U1,53.082283909880815,48.326579418238175
9,1,U2,45.0975504806169,41.05720768476315
9,1,U3,-19.757626266940946,-17.987517201147764
9,1,U4,31.418555590515954,28.603730098146208
9,1,T1,4.6608724917664157e-14,4.2432994219697484e-14
9,1,T2,-2.3354687983474347e-14,-2.1262313911317155e-14
9,1,T3,2.372771553293027e-13,2.1601921482170317e-13
9,1,T4,0.0,0.0
9,2,U1,47.27658890779083,45.60099545254361
9,2,U2,-2.371101473306108,-2.287064062778293
9,2,U3,27.03794902252023,26.079660544605595
9,2,U4,31.73103038637482,30.606408071779306
9,2,T1,-6.3760502643739975e-09,-6.150068053302255e-09
9,2,T2,-7.006406395042304e-14,-6.758082880771153e-14
9,2,T3,-4.7455431065860536e-14,-4.577349902408441e-14
9,2,T4,-4.6276470271754975e-14,-4.463632337218632e-14
9,3,U1,35.83071891761616,32.82965629181778
9,3,U2,14.262112396391347,13.06756498649546
9,3,U3,44.46783707122929,40.74335796738002
9,3,U4,14.536895733440721,13.31933337916409
9,3,T1,-0.07537885183831854,-0.06906536827278639
9,3,T2,0.5140113156352665,0.4709594262177743
9,3,T3,9.908093410616111e-06,9.07822424455536e-06
9,3,T4,-0.39489048310682845,-0.36181576102658797
9,4,U1,-46.083031738995544,-46.03587427605734
9,4,U2,55.749988468577456,55.69293866269875
9,4,U3,52.822737727619106,52.76868342166995
9,4,U4,37.64463111783061,37.60610879779716
9,4,T1,-0.07557186298589405,-0.07549452915620783
9,4,T2,-0.2761119697661718,-0.2758294202139898
9,4,T3,0.27809013924912196,0.27780556540620743
9,4,T4,0.04170445465429365,0.04166177785546981
9,5,U1,41.51947538817835,42.888242586326854
9,5,U2,20.135492600096917,20.799296791549246
9,5,U3,54.37172439897395,56.164190035119155
9,5,U4,-19.186188812884282,-19.818697428637098
9,5,T1,0.15189831463376965,0.15690592681048668
9,5,T2,-0.5489564971170732,-0.5670538752616509
9,5,T3,0.13002766920217987,0.1343142746275057
9,5,T4,0.2350527361824176,0.24280168946551114
9,6,U1,-23.893074116651757,-20.897481072875763
9,6,U2,59.647870075579846,52.16952116986355
9,6,U3,54.11512843036246,47.330446748231765
9,6,U4,24.48671991740911,21.41669855928004
9,6,T1,-0.7226469095993727,-0.6320450872916513
9,6,T2,0.5147931583081556,0.4502509902940095
9,6,T3,0.10747122269647778,0.09399702320486443
9,6,T4,0.07844695224140054,0.06861166929319287
9,7,U1,63.22665968503643,58.577035092745604
9,7,U2,16.231494325757925,15.037846653041566
9,7,U3,21.129296374786666,19.575469294067737
9,7,U4,7.341265580378674,6.801396336121489
9,7,T1,0.00511835021880464,0.004741951921506271
9,7,T2,0.11712084746944507,0.1085078988275804
9,7,T3,-0.05584282341387184,-0.05173619867137351
9,7,T4,-0.05748868801434516,-0.05326102805410698
10,0,U1,25.342477649502786,22.764879456898342
10,0,U2,1.9316708184509084,1.7351994521066831
10,0,U3,27.43714377413541,24.646495867464488
10,0,U4,56.61140418402671,50.853425223812074
10,0,T1,4.6608724917664157e-14,4.186812430359098e-14
10,0,T2,-3.135600408661266e-10,-2.816676661035761e-10
10,0,T3,2.3727715532930268e-14,2.1314355737641534e-14
10,0,T4,2.3138235135877487e-14,2.0784831735817095e-14
10,1,U1,53.08228390745338,48.32657941608668
10,1,U2,45.0975504842523,41.05720768812252
10,1,U3,-19.757626266007005,-17.987517200319253
10,1,U4,31.41855558824117,28.603730096109828
10,1,T1,4.6608724917664157e-14,4.2432994219748817e-14
10,1,T2,-2.3354687983474347e-14,-2.1262313911342875e-14
10,1,T3,2.372771553293027e-13,2.1601921482196446e-13
10,1,T4,0.0,0.0
10,2,U1,47.276588761194525,45.600995313928024
10,2,U2,-2.3711015394793944,-2.2870641267459213
10,2,U3,27.0379490119501,26.079660536002862
10,2,U4,31.731030603382823,30.60640828296527
10,2,T1,-6.3760502643739975e-09,-6.15006805367786e-09
10,2,T2,-7.006406395042304e-14,-6.75808288118389e-14
10,2,T3,-4.7455431065860536e-14,-4.577349902687994e-14
10,2,T4,-4.6276470271754975e-14,-4.4636323374912405e-14
10,3,U1,35.83071890988386,32.829656285277395
10,3,U2,14.262112410167568,13.06756499933448
10,3,U3,44.46783706085876,40.74335795855359
10,3,U4,14.53689573595859,13.319333381691894
10,3,T1,-0.07537885184041593,-0.06906536827585315
10,3,T2,0.5140113156299883,0.4709594262207463
10,3,T3,9.908094573274172e-06,9.078225309983532e-06
10,3,T4,-0.39489048310134467,-0.361815761027562
10,4,U1,-46.079439683645,-46.032291149949145
10,4,U2,55.75724107510375,55.700190204310495
10,4,U3,52.823050432167825,52.769001828488676
10,4,U4,37.63809792713898,37.59958658367324
10,4,T1,-0.0875047237096718,-0.08741518877950129
10,4,T2,-0.3107308765727112,-0.3104129363958121
10,4,T3,0.2585912745053361,0.2583266836269927
10,4,T4,0.10311948699830159,0.10301397502504807
10,5,U1,41.519475291437395,42.88824249703401
10,5,U2,20.135492630408667,20.799296828019024
10,5,U3,54.37172424591924,56.16418989094883
10,5,U4,-19.18618861741659,-19.81869723164098
10,5,T1,0.15189831495359873,0.15690592717977614
10,5,T2,-0.5489564973642125,-0.5670538756575813
10,5,T3,0.13002766916469008,0.1343142746220933
10,5,T4,0.23505273615249986,0.24280168949482803
10,6,U1,-23.893074116651757,-20.897481072875763
10,6,U2,59.647870075579846,52.16952116986355
10,6,U3,54.11512843036246,47.330446748231765
10,6,U4,24.48671991740911,21.41669855928004
10,6,T1,-0.7226469095993727,-0.6320450872916513
10,6,T2,0.5147931583081556,0.4502509902940095
10,6,T3,0.10747122269647778,0.09399702320486443
10,6,T4,0.07844695224140054,0.06861166929319287
10,7,U1,63.22665968503643,58.577035092745604
10,7,U2,16.231494325757925,15.037846653041566
10,7,U3,21.129296374786666,19.575469294067737
10,7,U4,7.341265580378674,6.801396336121489
10,7,T1,0.00511835021880464,0.004741951921506271
10,7,T2,0.11712084746944507,0.1085078988275804
10,7,T3,-0.05584282341387184,-0.05173619867137351
10,7,T4,-0.05748868801434516,-0.05326102805410698
